{"cameraMode":{"drawMode":0,"name":"Shaded","section":"Shading Mode"},"sceneLighting":false,"audioPlay":false,"sceneViewState":{"m_AlwaysRefresh":false,"showFog":true,"showSkybox":false,"showFlares":true,"showImageEffects":true,"showParticleSystems":true,"showVisualEffectGraphs":true,"m_FxEnabled":true},"in2DMode":false,"pivot":{"x":209.0715789794922,"y":608.5636596679688,"z":119.03805541992188},"rotation":{"x":0.0036024318542331459,"y":-0.006907483097165823,"z":-0.000021810492398799397,"w":-0.9999746084213257},"size":152.43760681152345,"orthographic":true}